drame;service;produit dans;accompagnement, causalite-cause, localisation; ce drame affreux ne s’est pas produit dans un service d’urgences. Ca n’a rien à voir avec les urgences.
drame affreux;service;produit dans;accompagnement, causalite-cause, localisation; ce drame affreux ne s’est pas produit dans un service d’urgences. Ca n’a rien à voir avec les urgences.
produit;service;produit dans;accompagnement, causalite-cause, localisation; ce drame affreux ne s’est pas produit dans un service d’urgences. Ca n’a rien à voir avec les urgences.
produit;service;produit dans;accompagnement, causalite-cause, localisation; ce drame affreux ne s’est pas produit dans un service d’urgences. Ca n’a rien à voir avec les urgences.
drame;service;produit dans;accompagnement, causalite-cause, localisation;Ce drame épouvantable s’est produit dans un service de pédiatrie générale.
drame;service de pédiatrie;produit dans;accompagnement, causalite-cause, localisation;Ce drame épouvantable s’est produit dans un service de pédiatrie générale.
produit;service;produit dans;accompagnement, causalite-cause, localisation;Ce drame épouvantable s’est produit dans un service de pédiatrie générale.
produit;service de pédiatrie;produit dans;accompagnement, causalite-cause, localisation;Ce drame épouvantable s’est produit dans un service de pédiatrie générale.
produit;service;produit dans;accompagnement, causalite-cause, localisation;Ce drame épouvantable s’est produit dans un service de pédiatrie générale.
produit;service de pédiatrie;produit dans;accompagnement, causalite-cause, localisation;Ce drame épouvantable s’est produit dans un service de pédiatrie générale.
drame;service;produit dans;accompagnement, causalite-cause, localisation; ce drame affreux ne s’est pas produit dans un service d’urgences. Ca n’a rien à voir avec les urgences.
drame affreux;service;produit dans;accompagnement, causalite-cause, localisation; ce drame affreux ne s’est pas produit dans un service d’urgences. Ca n’a rien à voir avec les urgences.
produit;service;produit dans;accompagnement, causalite-cause, localisation; ce drame affreux ne s’est pas produit dans un service d’urgences. Ca n’a rien à voir avec les urgences.
produit;service;produit dans;accompagnement, causalite-cause, localisation; ce drame affreux ne s’est pas produit dans un service d’urgences. Ca n’a rien à voir avec les urgences.
drame;service;produit dans;accompagnement, causalite-cause, localisation;Ce drame épouvantable s’est produit dans un service de pédiatrie générale.
drame;service de pédiatrie;produit dans;accompagnement, causalite-cause, localisation;Ce drame épouvantable s’est produit dans un service de pédiatrie générale.
produit;service;produit dans;accompagnement, causalite-cause, localisation;Ce drame épouvantable s’est produit dans un service de pédiatrie générale.
produit;service de pédiatrie;produit dans;accompagnement, causalite-cause, localisation;Ce drame épouvantable s’est produit dans un service de pédiatrie générale.
produit;service;produit dans;accompagnement, causalite-cause, localisation;Ce drame épouvantable s’est produit dans un service de pédiatrie générale.
produit;service de pédiatrie;produit dans;accompagnement, causalite-cause, localisation;Ce drame épouvantable s’est produit dans un service de pédiatrie générale.
lits;minutes;étaient situés à;accompagnement, causalite-cause, localisation; dans la conférence de presse.  Ils sont particulièrement et entièrement vérifiables. Je n’invente pas des lits. Ces lits étaient situés à moins de vingt minutes du service d’urgence qui…
lits;minutes du service;étaient situés à;accompagnement, causalite-cause, localisation; dans la conférence de presse.  Ils sont particulièrement et entièrement vérifiables. Je n’invente pas des lits. Ces lits étaient situés à moins de vingt minutes du service d’urgence qui…
lits;service;étaient situés à;accompagnement, causalite-cause, localisation; dans la conférence de presse.  Ils sont particulièrement et entièrement vérifiables. Je n’invente pas des lits. Ces lits étaient situés à moins de vingt minutes du service d’urgence qui…
lits;minutes;étaient situés à;accompagnement, causalite-cause, localisation; dans la conférence de presse.  Ils sont particulièrement et entièrement vérifiables. Je n’invente pas des lits. Ces lits étaient situés à moins de vingt minutes du service d’urgence qui…
lits;minutes du service;étaient situés à;accompagnement, causalite-cause, localisation; dans la conférence de presse.  Ils sont particulièrement et entièrement vérifiables. Je n’invente pas des lits. Ces lits étaient situés à moins de vingt minutes du service d’urgence qui…
lits;service;étaient situés à;accompagnement, causalite-cause, localisation; dans la conférence de presse.  Ils sont particulièrement et entièrement vérifiables. Je n’invente pas des lits. Ces lits étaient situés à moins de vingt minutes du service d’urgence qui…
mieux;gestion;mieux associées à;accompagnement, causalite-cause, localisation; mieux associées à la gestion du risque ; nous avons commencé
mieux;gestion;associées à;accompagnement, causalite-cause, localisation; mieux associées à la gestion du risque ; nous avons commencé
mieux;gestion;mieux associées à;accompagnement, causalite-cause, localisation; mieux associées à la gestion du risque ; nous avons commencé
mieux;gestion;associées à;accompagnement, causalite-cause, localisation; mieux associées à la gestion du risque ; nous avons commencé
